{"main":"starwars-people-exp-api.raml","name":"starwars-people-sys-api","tags":[],"classifier":"raml","dependencies":[{"version":"1.0.2","assetId":"client","groupId":"fd99eb33-f806-41b4-b104-f997024179fe","provided":false}],"descriptorVersion":"1.0.0","groupId":"fd99eb33-f806-41b4-b104-f997024179fe","organizationId":"fd99eb33-f806-41b4-b104-f997024179fe","assetId":"starwars-people-sys-api","version":"1.0.0","apiVersion":"v1","originalFormatVersion":"1.0","metadata":{"projectId":"3bed99b2-3d36-42be-be24-e7cc915cad91","branchId":"master","commitId":"433724a45292128e0409cc78cdd3c8fffd847814"}}